"case_id","DAS28_FW_fup","CRP_fup","duration_trt_ombi","orm1","fstl1",".pred_d2t",".pred_rem"
"synthetic_low_activity",1.5,2,24,100000,5000,0.0739746918968876,0.926025308103112
"synthetic_midrange",3.2,10,36,200000,10000,0.519375270167972,0.480624729832028
"synthetic_high_activity",5.5,40,60,500000,20000,0.982600250036478,0.0173997499635217
"synthetic_missing_fstl1",3.2,10,36,200000,,0.521791777110299,0.478208222889701
